id,timestamp,amount,customer_id,transaction_city
1,1654041600000,1966,872,Xinxu
2,1654041600000,5641,842,Delok
3,1654041600000,9164,99,Jaba‘
4,1654041600000,2882,507,Kwangju
5,1654041600000,3245,88,Stanari
6,1654041600000,2014,613,Zhenping Chengguanzhen
7,1654041600000,5294,23,Wilmington
8,1654041600000,3727,182,Pacucha
9,1654041600000,2189,734,
10,1654041600000,4075,321,
11,1654041600000,4619,956,
12,1654041600000,3325,714,
13,1654041600000,8541,459,Nova Olímpia
14,1654041600000,8235,429,Kornyn
15,1654041600000,9601,256,
16,1654041600000,2871,363,
17,1654041600000,7957,381,
18,1654041600000,3870,477,Roma
19,1654041600000,6934,426,Kalebun
20,1654041600000,2175,390,
21,1654041600000,7177,122,Tepal
22,1654041600000,8244,844,Merke
23,1654041600000,5696,921,Kuantan
24,1654041600000,4241,914,Melíti
25,1654041600000,1158,912,San Antonio de los Cobres
26,1654041600000,1493,832,Dukoh
27,1654041600000,1198,309,
28,1654041600000,8391,782,Idenao
29,1654041600000,3725,974,Makedonski Brod
30,1654041600000,6007,719,Lunik
31,1654041600000,9897,370,Hekou
32,1654041600000,6566,96,
33,1654041600000,4335,825,Igurusi
34,1654041600000,2907,517,Anibare
35,1654041600000,2019,569,Cartagena
36,1654041600000,8381,792,Akademgorodok
37,1654041600000,4122,509,
38,1654041600000,9402,134,Yuecheng
39,1654041600000,5258,789,Eindhoven
40,1654041600000,6839,981,Mochishche
41,1654041600000,3013,723,
42,1654041600000,9101,661,Longtan
43,1654041600000,8558,362,Karantaba
44,1654041600000,1537,998,San José El Ídolo
45,1654041600000,5302,84,Tai’an
46,1654041600000,8789,280,Tāndo Mittha Khān
47,1654041600000,4985,565,Caoping
48,1654041600000,2606,873,
49,1654041600000,4426,200,Télimélé
50,1654041600000,7035,399,Sirre
51,1654041600000,2813,134,Linares
52,1654041600000,6987,366,
53,1654041600000,9065,886,Zhenqiao
54,1654041600000,2813,430,Hamamatsu
55,1654041600000,8427,863,Tillabéri
56,1654041600000,6866,73,
57,1654041600000,4957,588,Estefania
58,1654041600000,1771,528,
59,1654041600000,4898,511,Bang Nam Priao
60,1654041600000,4651,662,Putrajaya
61,1654041600000,5790,429,Bailieborough
62,1654041600000,1202,92,Dagushan
63,1654041600000,4361,529,
64,1654041600000,2094,287,Gornja Koprivna
65,1654041600000,7434,940,Stockholm
66,1654041600000,8000,265,Tongshan
67,1654041600000,8986,422,Barţa‘ah ash Sharqīyah
68,1654041600000,8123,767,Huayuan
69,1654041600000,1106,860,Tilburg
70,1654041600000,2283,121,Kedungsumurkrajan
71,1654041600000,6018,993,Miguel Hidalgo
72,1654041600000,8008,142,Huangtu
73,1654041600000,5153,901,Gagarin
74,1654041600000,9547,789,Arvika
75,1654041600000,6312,987,Yuquan
76,1654041600000,2047,749,Bordeaux
77,1654041600000,1429,338,
78,1654041600000,2274,806,Jargalant
79,1654041600000,8676,184,Yucun
80,1654041600000,1957,805,Massaguet
81,1654041600000,6358,304,Ta’ Xbiex
82,1654041600000,7576,553,
83,1654041600000,7136,35,Montgomery
84,1654041600000,3420,873,Narukan
85,1654041600000,3970,402,Mtwara
86,1654041600000,7685,804,
87,1654041600000,3163,830,São Miguel do Guamá
88,1654041600000,2917,770,Oslo
89,1654041600000,2858,555,Viña del Mar
90,1654041600000,6128,945,Bassar
91,1654041600000,2274,377,Oviedo
92,1654041600000,6772,723,
93,1654041600000,9089,971,Jubao
94,1654041600000,8015,670,Chía
95,1654041600000,7780,575,Ventsy
96,1654041600000,5208,94,Romblon
97,1654041600000,4092,734,Francisco Morato
98,1654041600000,4894,2,
99,1654041600000,6620,651,Xibing
100,1654041600000,7835,984,Warburton
101,1654041600000,9567,974,Évry
102,1654041600000,3220,765,Sumenep
103,1654041600000,6690,286,Caieiras
104,1654041600000,4845,959,Kherson
105,1654041600000,3233,1,Danidehe
106,1654041600000,8167,442,Jutiapa
107,1654041600000,8006,22,Rouen
108,1654041600000,9774,824,Cayenne
109,1654041600000,8946,369,Kekeri
110,1654041600000,9124,320,Piran
111,1654041600000,4015,263,Enschede
112,1654041600000,1186,126,Antanhol
113,1654041600000,1350,587,Sembalunbumbung
114,1654041600000,7839,640,
115,1654041600000,1192,554,Binuangeun
116,1654041600000,3462,904,
117,1654041600000,3041,250,Salamwates
118,1654041600000,2793,328,Xiangfu
119,1654041600000,3936,318,Huangze
120,1654041600000,2850,767,
121,1654041600000,2688,716,Cabinda
122,1654041600000,2792,399,Lovran
123,1654041600000,7646,109,Oslo
124,1654041600000,3896,887,Naga
125,1654041600000,8241,154,Baratleke
126,1654041600000,8019,922,Hrušovany u Brna
127,1654041600000,7357,57,Le Mans
128,1654041600000,6204,594,Wailolong
129,1654041600000,6019,227,Bandaragung
130,1654041600000,7669,234,
131,1654041600000,4579,922,Khonj
132,1654041600000,1844,154,Mandala
133,1654041600000,9249,472,Aachen
134,1654041600000,4906,668,
135,1654041600000,6079,982,Nangka
136,1654041600000,8545,403,
137,1654041600000,1561,295,Łobez
138,1654041600000,4374,664,San Javier
139,1654041600000,9572,420,Itum-Kali
140,1654041600000,7977,409,Bojonggenteng
141,1654041600000,3103,286,Zhireken
142,1654041600000,4742,886,Siborong-borong
143,1654041600000,6985,736,
144,1654041600000,6120,416,Trudobelikovskiy
145,1654041600000,5471,853,Binglincha
146,1654041600000,5630,966,Huangjin
147,1654041600000,4519,317,Chilecito
148,1654041600000,9195,404,Ercheng
149,1654041600000,4699,516,Gap
150,1654041600000,1872,500,Arneiro
151,1654041600000,8475,312,Miaoqian
152,1654041600000,8890,724,
153,1654041600000,6322,471,Sîngerei
154,1654041600000,9599,42,Safonovo
155,1654041600000,1619,868,Lyon
156,1654041600000,1112,642,Daniwato
157,1654041600000,4463,995,Bollène
158,1654041600000,2643,30,Puan
159,1654041600000,2859,639,Březová
160,1654041600000,9127,177,Gubengairlangga
161,1654041600000,5895,62,Novo Aripuanã
162,1654041600000,5800,634,Wādī al ‘Uyūn
163,1654041600000,9868,528,Zhatay
164,1654041600000,8410,311,Kakata
165,1654041600000,9958,395,Lazaro Cardenas
166,1654041600000,3615,57,
167,1654041600000,8802,51,Toubao
168,1654041600000,8772,368,Pires do Rio
169,1654041600000,3289,207,Tasikona
170,1654041600000,6109,377,
171,1654041600000,1452,626,Babakantugu
172,1654041600000,8129,158,Las Mesas
173,1654041600000,1021,212,Phra Khanong
174,1654041600000,2589,262,
175,1654041600000,9983,712,Puerto Francisco de Orellana
176,1654041600000,6451,793,Ngenden
177,1654041600000,6675,718,
178,1654041600000,8919,870,Dongfanghong
179,1654041600000,5702,297,Świnna
180,1654041600000,8166,602,
181,1654041600000,6028,817,Heping
182,1654041600000,1996,196,Dawan
183,1654041600000,4687,690,Bolo
184,1654041600000,1170,817,
185,1654041600000,1133,326,Laimuda
186,1654041600000,3599,955,Binzhou
187,1654041600000,9071,293,Hongsipu
188,1654041600000,5885,582,
189,1654041600000,2691,869,Rukungiri
190,1654041600000,4470,402,Cherkasskoye
191,1654041600000,7974,812,
192,1654041600000,8441,87,
193,1654041600000,3689,661,Milwaukee
194,1654041600000,8225,177,Ivouani
195,1654041600000,7117,11,Naschel
196,1654041600000,4499,558,
197,1654041600000,5332,17,Burgas
198,1654041600000,7628,46,Żyraków
199,1654041600000,5598,568,
200,1654041600000,5084,582,
201,1654041600000,2142,70,Barueri
202,1654041600000,5049,45,
203,1654041600000,1510,698,Labelle
204,1654041600000,3133,45,
205,1654041600000,7744,754,Huyuan
206,1654041600000,4557,711,Dipayal
207,1654041600000,3742,846,Nikki
208,1654041600000,4837,943,Kristiansund N
209,1654041600000,4462,502,Kovači
210,1654041600000,8893,827,
211,1654041600000,9919,549,Eguia
212,1654041600000,4561,275,Kalijeruk
213,1654041600000,7736,249,Savigny-le-Temple
214,1654041600000,5681,686,Paltashaco
215,1654041600000,7563,2,Desa Kertasari
216,1654041600000,6751,182,
217,1654041600000,2205,783,Xia’ertai
218,1654041600000,1509,637,
219,1654041600000,4861,600,
220,1654041600000,4156,902,Ōiso
221,1654041600000,6080,991,Kaindy
222,1654041600000,5738,954,Al ‘Awjah
223,1654041600000,1440,67,Corinto
224,1654041600000,9605,50,Pärnu
225,1654041600000,7123,892,Zumarraga
226,1654041600000,7042,94,
227,1654041600000,5790,430,Digos
228,1654041600000,3189,200,Dembéni
229,1654041600000,7549,956,Al ‘Āliyah
230,1654041600000,1661,649,
231,1654041600000,6533,131,Yongchuan
232,1654041600000,1650,982,Cangkeuteuk Sabrang
233,1654041600000,2507,194,Kandangsapi
234,1654041600000,5799,235,Yangxi
235,1654041600000,2411,835,Aroeira
236,1654041600000,9200,492,Wukou
237,1654041600000,4325,437,
238,1654041600000,5498,226,Huolongmen
239,1654041600000,5673,139,L'Union
240,1654041600000,6256,683,Illela
241,1654041600000,3576,511,
242,1654041600000,9441,212,Rovira
243,1654041600000,5095,90,Ambo Village
244,1654041600000,5869,83,Caofang
245,1654041600000,1970,695,Luoyuan
246,1654041600000,9084,852,Oslo
247,1654041600000,9535,427,Shedok
248,1654041600000,8233,391,Nacka
249,1654041600000,2909,404,
250,1654041600000,1753,447,Stockholm
251,1654041600000,4601,82,Oklahoma City
252,1654041600000,9401,917,Jämsänkoski
253,1654041600000,9671,650,Shiraoka
254,1654041600000,5924,604,Buynichy
255,1654041600000,2169,919,Monastyryshche
256,1654041600000,7126,530,Togu
257,1654041600000,1716,511,Casal
258,1654041600000,2588,18,Barão de Melgaço
259,1654041600000,6176,621,Xinxiang
260,1654041600000,5044,204,
261,1654041600000,6688,297,Zoumaling
262,1654041600000,3087,939,Tianjiaba
263,1654041600000,4309,217,Kopparberg
264,1654041600000,6076,877,Honda
265,1654041600000,1220,618,Licheń Stary
266,1654041600000,7226,266,Chouto
267,1654041600000,8472,537,
268,1654041600000,5429,100,Mangochi
269,1654041600000,7319,711,Železnice
270,1654041600000,9511,530,Oberá
271,1654041600000,8227,341,Västerås
272,1654041600000,5952,728,Srinjine
273,1654041600000,8109,68,Chengzhong
274,1654041600000,9000,790,Yunxi
275,1654041600000,4642,753,Fucheng
276,1654041600000,8965,155,
277,1654041600000,5631,855,Hněvotín
278,1654041600000,5785,42,Woniuhe
279,1654041600000,5775,140,Washington
280,1654041600000,9822,278,Tsalka
281,1654041600000,1383,885,Ostrožská Lhota
282,1654041600000,8174,26,
283,1654041600000,2238,665,
284,1654041600000,5013,561,Täby
285,1654041600000,9327,335,Youghal
286,1654041600000,6788,392,
287,1654041600000,4364,916,
288,1654041600000,4971,485,Kamuli
289,1654041600000,6938,813,Nueva Loja
290,1654041600000,6036,990,Las Palmas
291,1654041600000,4663,816,Kota Bharu
292,1654041600000,8951,253,
293,1654041600000,6531,633,
294,1654041600000,7260,944,
295,1654041600000,4135,832,Złota
296,1654041600000,5813,909,Halong
297,1654041600000,6114,473,Padang
298,1654041600000,7237,546,Majiang
299,1654041600000,8330,658,
300,1654041600000,2552,662,Sambuluan
301,1654041600000,2979,779,Guayaybi
302,1654041600000,6035,1000,Medzhibozh
303,1654041600000,3892,541,Helsingborg
304,1654041600000,3581,234,Hucun
305,1654041600000,2758,579,Taihe
306,1654041600000,8265,373,Kanthararom
307,1654041600000,1252,32,
308,1654041600000,2515,358,Harderwijk
309,1654041600000,1761,789,Warudoyong
310,1654041600000,3098,332,Lalmanirhat
311,1654041600000,8311,16,
312,1654041600000,6869,218,Baoyou
313,1654041600000,3986,65,San Antonio
314,1654041600000,7603,272,Shunyi
315,1654041600000,5008,500,
316,1654041600000,6660,363,Nemours
317,1654041600000,4822,293,Quận Sáu
318,1654041600000,5283,635,Islāmkot
319,1654041600000,7439,759,Ganting
320,1654041600000,9784,934,Palermo
321,1654041600000,1641,744,Guiset East
322,1654041600000,1611,379,Liuhe
323,1654041600000,6158,758,Dukuhsia
324,1654041600000,9690,935,Burujul
325,1654041600000,4160,157,Washington
326,1654041600000,3195,347,Wanju
327,1654041600000,9014,73,
328,1654041600000,6931,128,Shiqiao
329,1654041600000,4826,205,Mollepampa
330,1654041600000,9163,551,Santa Rosa
331,1654041600000,4376,209,Dipayal
332,1654041600000,7309,940,Pyhäselkä
333,1654041600000,6983,229,Suishan
334,1654041600000,2289,447,
335,1654041600000,7387,486,Gandara
336,1654041600000,3910,906,Edosaki
337,1654041600000,7119,554,Konstantinovskoye
338,1654041600000,6311,870,
339,1654041600000,3259,526,Bayt al ‘Awābī
340,1654041600000,5720,541,Laguna
341,1654041600000,3752,294,Saint-Gratien
342,1654041600000,4468,740,Machakos
343,1654041600000,5432,546,Chishan
344,1654041600000,4124,675,Trá Mhór
345,1654041600000,4134,835,Brzączowice
346,1654041600000,3552,285,
347,1654041600000,1629,556,
348,1654041600000,4049,155,Donnacona
349,1654041600000,3615,968,
350,1654041600000,4504,834,Połomia
351,1654041600000,7887,73,
352,1654041600000,4039,531,Zongzhai
353,1654041600000,5605,575,Strasbourg
354,1654041600000,5037,717,
355,1654041600000,7599,489,
356,1654041600000,7689,640,Pallisa
357,1654041600000,3367,136,Gaojian
358,1654041600000,6394,616,Radā‘
359,1654041600000,3206,82,Lasusua
360,1654041600000,1434,241,Taloqan
361,1654041600000,9544,135,Ouranoupolis
362,1654041600000,1254,610,Nossa Senhora da Glória
363,1654041600000,8484,151,Tangzang
364,1654041600000,9703,42,
365,1654041600000,5039,219,Thị Trấn Mộc Châu
366,1654041600000,7711,40,Hecun
367,1654041600000,6237,589,
368,1654041600000,6071,730,Shangyuan
369,1654041600000,1641,729,Böhöt
370,1654041600000,2757,349,Iktābah
371,1654041600000,7151,387,Indaial
372,1654041600000,8121,625,Lubowidz
373,1654041600000,2128,266,Aulnay-sous-Bois
374,1654041600000,9876,686,Reggio Calabria
375,1654041600000,5328,189,Babakanloa
376,1654041600000,7211,408,Puerto Colombia
377,1654041600000,8392,44,Pančevo
378,1654041600000,3153,349,Magsaysay
379,1654041600000,6448,211,Tulungagung
380,1654041600000,4257,322,
381,1654041600000,1997,921,Xinsheng
382,1654041600000,3516,128,Lukashin
383,1654041600000,1888,11,
384,1654041600000,8220,496,Jiangbei
385,1654041600000,2023,94,
386,1654041600000,3126,533,Monte Novo
387,1654041600000,1103,82,Payxambabazar
388,1654041600000,3609,132,Hongwei
389,1654041600000,5347,787,Kungälv
390,1654041600000,7337,126,Oromocto
391,1654041600000,4947,674,
392,1654041600000,4214,493,Málaga
393,1654041600000,7818,738,Pangkalan Kasai
394,1654041600000,2377,99,
395,1654041600000,9190,759,
396,1654041600000,7385,170,Montbrison
397,1654041600000,9009,361,Šentjur
398,1654041600000,3883,101,Da’anshan
399,1654041600000,2992,293,
400,1654041600000,4409,55,Yelizavetinskaya
401,1654041600000,6400,379,
402,1654041600000,4293,584,
403,1654041600000,9948,704,
404,1654041600000,5848,296,Uchaly
405,1654041600000,1647,957,Ciawitali
406,1654041600000,1735,328,
407,1654041600000,7774,137,
408,1654041600000,4965,828,Ituiutaba
409,1654041600000,4978,371,Shuitian
410,1654041600000,9496,864,Mantar
411,1654041600000,4885,153,Talibura
412,1654041600000,4054,346,San Simon
413,1654041600000,9249,579,Schieren
414,1654041600000,5203,877,Piteå
415,1654041600000,2067,850,Týn nad Vltavou
416,1654041600000,7165,795,Mount Pearl
417,1654041600000,1942,80,Kopashnovo
418,1654041600000,2286,26,Sosnovyy Bor
419,1654041600000,9352,900,
420,1654041600000,9725,772,Tosontsengel
421,1654041600000,6967,686,Owczarnia
422,1654041600000,7293,30,
423,1654041600000,7825,756,Dvorichna
424,1654041600000,7636,249,Ad Dawādimī
425,1654041600000,7995,522,Shangyang
426,1654041600000,7515,745,Daxi
427,1654041600000,9179,963,Sastöbe
428,1654041600000,2486,270,Pedreira
429,1654041600000,4273,221,Belfast
430,1654041600000,1953,202,Castanheira
431,1654041600000,5975,975,Hecheng
432,1654041600000,7738,599,Dimataling
433,1654041600000,8105,662,Robertsfors
434,1654041600000,6075,688,Lindesberg
435,1654041600000,7873,984,Envigado
436,1654041600000,2897,890,Huazhaizi
437,1654041600000,2585,840,Zbůch
438,1654041600000,3246,462,Jiangpu
439,1654041600000,4466,186,Qianfoling
440,1654041600000,5349,876,Cilangkap
441,1654041600000,6073,433,
442,1654041600000,3430,959,El Tablón
443,1654041600000,2042,92,Jikamshi
444,1654041600000,2155,159,Pantang
445,1654041600000,9925,878,Jinjiahe
446,1654041600000,1880,632,Siilinjärvi
447,1654041600000,2898,913,
448,1654041600000,9696,591,Agara
449,1654041600000,5816,21,Bello
450,1654041600000,7187,510,Zhourui
451,1654041600000,6706,939,Gonghe
452,1654041600000,3662,206,Chãos
453,1654041600000,5803,435,Goiatuba
454,1654041600000,7923,849,Lacabamba
455,1654041600000,5158,246,Slavuta
456,1654041600000,2858,447,Alta Gracia
457,1654041600000,2993,339,Foxton
458,1654041600000,9423,89,
459,1654041600000,6081,86,Sabtang
460,1654041600000,5587,827,Pīrgaaj
461,1654041600000,2515,774,
462,1654041600000,1437,1,Kuala Lumpur
463,1654041600000,5822,821,Namyangju
464,1654041600000,2473,680,Xinchengzi
465,1654041600000,9110,578,
466,1654041600000,2623,386,Tampa
467,1654041600000,4282,692,
468,1654041600000,1401,778,Penengahan
469,1654041600000,7011,176,Sirājganj
470,1654041600000,4732,870,Arboga
471,1654041600000,2334,7,Ibicaraí
472,1654041600000,6891,817,Suay
473,1654041600000,6493,795,Koubia
474,1654041600000,6624,853,Tangkanpulit
475,1654041600000,6075,174,Middleton
476,1654041600000,9469,838,Ticaco
477,1654041600000,1090,276,Baja Mar
478,1654041600000,2202,935,Lebao
479,1654041600000,2164,626,Juuka
480,1654041600000,9562,201,
481,1654041600000,3781,86,
482,1654041600000,1970,809,Smach Mean Chey
483,1654041600000,1241,888,Tanahbeureum
484,1654041600000,5677,122,Alcaria da Serra
485,1654041600000,9273,77,Al Fayyūm
486,1654041600000,1986,216,Yoshkar-Ola
487,1654041600000,8116,804,Pigeiros
488,1654041600000,4101,16,Paka
489,1654041600000,6279,199,Pochinok
490,1654041600000,3246,844,Cherëmushki
491,1654041600000,1737,965,Rosario
492,1654041600000,6932,711,Aianí
493,1654041600000,9473,377,Vidago
494,1654041600000,8973,739,
495,1654041600000,1714,691,Zalţan
496,1654041600000,3971,410,
497,1654041600000,6606,157,
498,1654041600000,2470,116,Kolç
499,1654041600000,9462,848,
500,1654041600000,3897,285,Oslo
501,1654041600000,9301,300,Haiphong
502,1654041600000,6894,783,
503,1654041600000,6022,282,Surat Thani
504,1654041600000,1163,569,Pueblo Viejo
505,1654041600000,6287,378,
506,1654041600000,8747,196,Spas’ke
507,1654041600000,7064,138,Menzel Abderhaman
508,1654041600000,2832,739,Mabini
509,1654041600000,7643,390,Mosjøen
510,1654041600000,3485,431,Belos Ares
511,1654041600000,7735,778,Bílovice
512,1654041600000,9342,436,Changlong
513,1654041600000,3611,592,Montpellier
514,1654041600000,3255,804,Pindushi
515,1654041600000,2880,724,Vári
516,1654041600000,8718,940,Lagoa do Itaenga
517,1654041600000,1094,899,Poá
518,1654041600000,7116,849,Klumbu
519,1654041600000,1586,774,Cacequi
520,1654041600000,1610,888,
521,1654041600000,4309,795,Kayan
522,1654041600000,5313,817,Adela
523,1654041600000,6331,871,Otterburn Park
524,1654041600000,9301,854,
525,1654041600000,6645,158,Lianozovo
526,1654041600000,5127,610,Knivsta
527,1654041600000,7776,248,Sepahua
528,1654041600000,2535,232,
529,1654041600000,6607,856,
530,1654041600000,8633,820,Dalsjöfors
531,1654041600000,5435,223,Manat
532,1654041600000,2973,222,Hutang
533,1654041600000,2187,580,Pañgobilian
534,1654041600000,4286,539,Minneapolis
535,1654041600000,7839,518,Tucson
536,1654041600000,5769,800,Rungis
537,1654041600000,6011,436,
538,1654041600000,8004,925,Anzi
539,1654041600000,5197,821,Al Muţayrifī
540,1654041600000,5252,174,
541,1654041600000,8580,572,
542,1654041600000,9088,463,Molsheim
543,1654041600000,2619,699,Ransang
544,1654041600000,7981,502,Batanghari
545,1654041600000,2869,351,
546,1654041600000,2984,119,Ikšķile
547,1654041600000,9074,305,
548,1654041600000,2273,747,Sobreiro
549,1654041600000,9575,875,Macedo de Cavaleiros
550,1654041600000,2879,425,Kloangrotat
551,1654041600000,4829,875,Kungsbacka
552,1654041600000,2873,689,Preston
553,1654041600000,9143,105,Cañazas
554,1654041600000,7672,284,Fengjiang
555,1654041600000,8701,465,Zhaojia
556,1654041600000,3224,195,Ningzhong
557,1654041600000,5726,138,Jianmin
558,1654041600000,7775,799,Skhira
559,1654041600000,2865,318,Tánh Linh
560,1654041600000,8110,368,
561,1654041600000,5103,932,Jos
562,1654041600000,7713,794,Nueva Imperial
563,1654041600000,9136,183,Lauro de Freitas
564,1654041600000,8315,514,Lobatse
565,1654041600000,2514,834,Phultala
566,1654041600000,9183,382,Maclear
567,1654041600000,7586,977,Dalgān
568,1654041600000,5101,319,Wādī as Sīr
569,1654041600000,3656,302,Ganquan
570,1654041600000,8200,589,
571,1654041600000,4619,693,Rimpeso
572,1654041600000,6210,604,
573,1654041600000,1550,30,Casillas
574,1654041600000,1238,277,Beizi
575,1654041600000,6030,815,
576,1654041600000,3849,46,Gomunice
577,1654041600000,5398,231,Hongchuan
578,1654041600000,5177,188,Al Jīzah
579,1654041600000,2789,294,Funchal
580,1654041600000,8761,352,Lenghu
581,1654041600000,5495,560,Štěchovice
582,1654041600000,9986,884,Taipa
583,1654041600000,8191,922,Saseel
584,1654041600000,3212,972,Gaoxing
585,1654041600000,4115,772,Segbwema
586,1654041600000,9924,22,Vancouver
587,1654041600000,6322,775,Timmins
588,1654041600000,9301,510,Slobozia
589,1654041600000,7684,728,
590,1654041600000,8030,723,Eastern Suburbs Mc
591,1654041600000,9944,617,Azinhal
592,1654041600000,9997,726,Cimo de Vila
593,1654041600000,1699,674,
594,1654041600000,9698,147,Quarteira
595,1654041600000,3318,89,Amānzī
596,1654041600000,4651,408,Quemú Quemú
597,1654041600000,4840,42,Buzen
598,1654041600000,1112,910,Oklahoma City
599,1654041600000,8039,131,
600,1654041600000,2277,452,Jiamiao
601,1654041600000,2283,546,Carvalhal da Aroeira
602,1654041600000,1743,499,Kolno
603,1654041600000,8640,420,Bipolo
604,1654041600000,9852,422,Jincheng
605,1654041600000,9704,839,
606,1654041600000,7242,995,
607,1654041600000,5087,450,Jianggang
608,1654041600000,7325,676,Circasia
609,1654041600000,5572,801,
610,1654041600000,1140,975,Mathambgwane
611,1654041600000,1826,375,Zawiya
612,1654041600000,3152,102,Minien East
613,1654041600000,6246,893,Tharyarwady
614,1654041600000,1364,247,
615,1654041600000,7882,17,Wolong
616,1654041600000,5515,383,Jialai
617,1654041600000,7191,492,Parfino
618,1654041600000,7414,24,Brezovica
619,1654041600000,3450,979,
620,1654041600000,3945,395,
621,1654041600000,6897,816,Bekasi
622,1654041600000,4695,327,Paingar
623,1654041600000,2356,258,Skrzydlna
624,1654041600000,2023,628,Santiago de Cuba
625,1654041600000,5337,806,Balayong
626,1654041600000,6487,900,
627,1654041600000,8550,661,Achoma
628,1654041600000,9616,678,Pinhais
629,1654041600000,8680,876,Lakota
630,1654041600000,8298,308,Nunguan
631,1654041600000,1124,356,Pule
632,1654041600000,5929,161,Barra do Bugres
633,1654041600000,1051,727,Kukawa
634,1654041600000,9709,740,Oji River
635,1654041600000,3508,448,Wutun
636,1654041600000,8496,542,Oliveiras
637,1654041600000,8743,33,
638,1654041600000,7605,617,Tabivere
639,1654041600000,5431,222,
640,1654041600000,6183,86,Songshi
641,1654041600000,2087,935,Veliko Tŭrnovo
642,1654041600000,2748,650,Gaplokan
643,1654041600000,4926,593,
644,1654041600000,1244,722,Silgueiros
645,1654041600000,2921,579,
646,1654041600000,2076,828,
647,1654041600000,6714,275,
648,1654041600000,1141,57,Umeå
649,1654041600000,5925,939,Morrison
650,1654041600000,3384,627,Omuthiya
651,1654041600000,1188,551,Sambava
652,1654041600000,7030,156,Nanyang
653,1654041600000,9816,737,Osby
654,1654041600000,9721,781,Sincelejo
655,1654041600000,7779,440,
656,1654041600000,8594,437,Bauan
657,1654041600000,5976,211,
658,1654041600000,8735,140,
659,1654041600000,7048,342,Rimba Sekampung
660,1654041600000,9561,814,Oslo
661,1654041600000,3318,217,Guadalupe
662,1654041600000,7946,931,
663,1654041600000,4762,478,Simeykyne
664,1654041600000,5286,778,Ágios Spyrídon
665,1654041600000,1284,595,
666,1654041600000,4096,148,Donji Dobrić
667,1654041600000,7773,987,Ciguha Tengah
668,1654041600000,7131,34,Tarlac City
669,1654041600000,9531,466,San Luis Jilotepeque
670,1654041600000,6465,37,Argivai
671,1654041600000,7187,319,
672,1654041600000,4728,995,Fengtai Chengguanzhen
673,1654041600000,6341,603,Tanjungkerta
674,1654041600000,1224,651,Beloye
675,1654041600000,2527,637,San Eugenio
676,1654041600000,1787,500,Jiusi
677,1654041600000,6137,37,
678,1654041600000,4382,860,Rietavas
679,1654041600000,1457,134,Sherpur
680,1654041600000,2302,524,Kauniainen
681,1654041600000,5039,821,
682,1654041600000,6221,886,La Clotilde
683,1654041600000,2949,1,Sishan
684,1654041600000,7636,454,Kowŏn-ŭp
685,1654041600000,8313,266,Benito Juarez
686,1654041600000,9623,953,Laiwu
687,1654041600000,5389,922,Nizhniye Vyazovyye
688,1654041600000,1335,461,Rožaje
689,1654041600000,7244,909,
690,1654041600000,3919,987,Mongaguá
691,1654041600000,3080,391,Hebu
692,1654041600000,8522,312,
693,1654041600000,7913,839,Stari Grad
694,1654041600000,6307,700,Port Hawkesbury
695,1654041600000,8134,970,Barr
696,1654041600000,9143,630,
697,1654041600000,8567,289,Heliconia
698,1654041600000,5306,180,Alhos Vedros
699,1654041600000,8462,363,Lefkímmi
700,1654041600000,7272,265,Santol
701,1654041600000,3255,141,
702,1654041600000,6770,219,Panagyurishte
703,1654041600000,8143,128,Selajambe Satu
704,1654041600000,8823,533,
705,1654041600000,6822,113,
706,1654041600000,7739,978,Motomiya
707,1654041600000,7143,971,Perstorp
708,1654041600000,8433,161,Olszówka
709,1654041600000,2783,344,Mendez-Nuñez
710,1654041600000,2824,101,Keren
711,1654041600000,8083,435,Escuintla
712,1654041600000,6855,133,
713,1654041600000,5194,975,Saaban
714,1654041600000,6660,601,Eusébio
715,1654041600000,9458,198,
716,1654041600000,9268,186,Líbano
717,1654041600000,2497,357,Nāḩīyat Saddat al Hindīyah
718,1654041600000,4960,911,Malakal
719,1654041600000,8701,207,Kiruru
720,1654041600000,5898,762,Staryy Togul
721,1654041600000,5136,613,Greenwood
722,1654041600000,4061,97,
723,1654041600000,2892,290,Lantian
724,1654041600000,8738,894,Fier
725,1654041600000,1084,854,Sugihmukti
726,1654041600000,1114,838,Johor Bahru
727,1654041600000,3247,210,Banjarjo
728,1654041600000,4826,232,
729,1654041600000,9518,421,Dolgoderevenskoye
730,1654041600000,5788,779,Suidong
731,1654041600000,5843,865,Nerokoúros
732,1654041600000,5825,584,Fort Liberté
733,1654041600000,3216,53,Da’an
734,1654041600000,7507,303,Caen
735,1654041600000,6509,82,Purda
736,1654041600000,5786,870,Campo Maior
737,1654041600000,4202,939,La Loma
738,1654041600000,2905,535,Linköping
739,1654041600000,2261,643,
740,1654041600000,8882,961,
741,1654041600000,5380,571,Ullulluco
742,1654041600000,1764,355,Al Bājūr
743,1654041600000,7962,919,Cuihuangkou
744,1654041600000,2726,788,Skurup
745,1654041600000,3985,796,Pueblo
746,1654041600000,4675,475,Ozerki
747,1654041600000,2167,674,Boto
748,1654041600000,4160,388,
749,1654041600000,9444,393,Bo Phloi
750,1654041600000,8427,104,Duraykīsh
751,1654041600000,8704,12,
752,1654041600000,5352,431,Danghara
753,1654041600000,8358,785,Vilarinho
754,1654041600000,6428,900,São Pedro
755,1654041600000,5277,438,Huicheng
756,1654041600000,6934,634,
757,1654041600000,9031,218,Huangludian
758,1654041600000,9506,777,
759,1654041600000,9536,438,Balneário Camboriú
760,1654041600000,8537,403,
761,1654041600000,4542,923,Tha Ruea
762,1654041600000,8056,84,Oke Iho
763,1654041600000,3064,52,Floriano
764,1654041600000,3001,35,Linoan
765,1654041600000,5582,294,Mahikeng
766,1654041600000,4587,998,Xiangshan
767,1654041600000,8701,773,
768,1654041600000,7055,526,Batubantar
769,1654041600000,4003,672,Kozakai-chō
770,1654041600000,3124,857,Janiuay
771,1654041600000,1751,351,Panenggoede
772,1654041600000,4865,418,Kukurečani
773,1654041600000,9777,995,Shcherbinka
774,1654041600000,6732,270,Bengubelan
775,1654041600000,4097,476,Cikadu
776,1654041600000,3560,531,
777,1654041600000,7306,161,Haykashen
778,1654041600000,2338,716,
779,1654041600000,8016,372,Uppsala
780,1654041600000,1987,307,Xiaoruo
781,1654041600000,1549,129,Tengqiao
782,1654041600000,7679,76,Catbalogan
783,1654041600000,2983,281,
784,1654041600000,8390,904,Zhangye
785,1654041600000,4739,717,Camabatela
786,1654041600000,2547,835,Şafwá
787,1654041600000,7617,447,Delmiro Gouveia
788,1654041600000,9184,8,Keli
789,1654041600000,6138,5,
790,1654041600000,8059,831,Sanchahe
791,1654041600000,2889,88,Portel
792,1654041600000,2521,533,
793,1654041600000,4950,866,Visim
794,1654041600000,2748,650,Priboj
795,1654041600000,1493,313,Mendoza
796,1654041600000,5256,425,Nevesinje
797,1654041600000,4406,238,Tangxia
798,1654041600000,5045,937,Sruni
799,1654041600000,6485,980,Sayán
800,1654041600000,9148,984,
801,1654041600000,9008,570,Jiudian
802,1654041600000,4632,218,København
803,1654041600000,6124,506,
804,1654041600000,3139,907,Stráž nad Nisou
805,1654041600000,4358,699,
806,1654041600000,5486,488,Hastings
807,1654041600000,6782,644,Arroio Grande
808,1654041600000,2656,78,Skien
809,1654041600000,6312,557,La Aurora
810,1654041600000,8869,285,Sindangsari
811,1654041600000,1654,774,Honggang
812,1654041600000,4370,796,Novomichurinsk
813,1654041600000,7847,760,Strasbourg
814,1654041600000,7141,851,
815,1654041600000,3145,971,Firenze
816,1654041600000,8121,450,Hudong
817,1654041600000,6182,515,Halmstad
818,1654041600000,5775,940,Yuli
819,1654041600000,5010,330,
820,1654041600000,1956,952,
821,1654041600000,4575,242,
822,1654041600000,9248,291,
823,1654041600000,9014,583,Hongqiao
824,1654041600000,5206,904,Trail
825,1654041600000,1896,478,
826,1654041600000,5321,816,
827,1654041600000,6713,733,Batulenger Barat
828,1654041600000,7935,861,Marihatag
829,1654041600000,7994,700,Mets Parni
830,1654041600000,5844,620,Linxi
831,1654041600000,4113,866,Sepīdān
832,1654041600000,6841,803,
833,1654041600000,3332,933,Verkhozim
834,1654041600000,5043,596,Rossosh’
835,1654041600000,1568,199,Zarzal
836,1654041600000,8281,137,Migues
837,1654041600000,2443,102,Orlovskiy
838,1654041600000,6813,262,Pakel
839,1654041600000,5376,261,Purwosari
840,1654041600000,6223,18,Bayan
841,1654041600000,1024,514,Ouyang
842,1654041600000,2523,998,
843,1654041600000,6127,384,Dasuk
844,1654041600000,9227,943,Rokytnice
845,1654041600000,7652,314,
846,1654041600000,7280,416,
847,1654041600000,5577,149,Mabalacat
848,1654041600000,2847,820,Chahe
849,1654041600000,3976,520,Sammatti
850,1654041600000,8633,562,Shangcai Zhongxing
851,1654041600000,6676,204,Agassiz
852,1654041600000,9540,774,Chumphon Buri
853,1654041600000,3806,791,Wenshui
854,1654041600000,6502,659,Maştağa
855,1654041600000,5915,3,Finspång
856,1654041600000,7698,548,Kaduluhur
857,1654041600000,5641,932,Nazareth
858,1654041600000,8588,16,Reriz
859,1654041600000,7369,615,Datartua
860,1654041600000,3797,450,Bila
861,1654041600000,9952,43,Kalunan
862,1654041600000,1967,864,Menol
863,1654041600000,5878,911,Belén de Umbría
864,1654041600000,5931,383,Pogorzyce
865,1654041600000,7130,666,Mulyo
866,1654041600000,5973,555,Hongshan
867,1654041600000,6570,806,Karlstad
868,1654041600000,5126,343,
869,1654041600000,2826,962,
870,1654041600000,3292,435,Hayes
871,1654041600000,5105,577,Xiangzikou
872,1654041600000,1528,960,Pidigan
873,1654041600000,7533,890,
874,1654041600000,9472,837,
875,1654041600000,3955,684,Obonoma
876,1654041600000,7264,108,Maringá
877,1654041600000,8602,288,Houxixi
878,1654041600000,5227,473,
879,1654041600000,1268,733,
880,1654041600000,1268,137,Sigay
881,1654041600000,8883,80,Jeju-si
882,1654041600000,2323,876,Quintãs
883,1654041600000,6944,961,Huadi
884,1654041600000,1926,494,
885,1654041600000,1585,919,Rudna
886,1654041600000,4123,240,
887,1654041600000,6313,952,
888,1654041600000,7341,803,
889,1654041600000,8384,614,
890,1654041600000,4202,929,
891,1654041600000,6550,69,Katrineholm
892,1654041600000,7836,232,Pankshin
893,1654041600000,2462,756,Bomomani
894,1654041600000,5543,555,Dongke
895,1654041600000,9707,494,Ifo
896,1654041600000,8912,348,Yangzhou
897,1654041600000,5622,192,Chikeng
898,1654041600000,3912,708,Jetafe
899,1654041600000,4009,978,Alibago
900,1654041600000,5545,905,Bjelovar
901,1654041600000,4582,244,Drezdenko
902,1654041600000,4384,588,Mkushi
903,1654041600000,7223,780,Ciawi
904,1654041600000,5716,614,Sumilao
905,1654041600000,5928,56,Santo Estêvão
906,1654041600000,2030,401,
907,1654041600000,6179,104,Mosteirô
908,1654041600000,8950,217,Pubu
909,1654041600000,6479,618,Duma
910,1654041600000,4846,246,Pavlovskiy Posad
911,1654041600000,6820,529,Fumin
912,1654041600000,8254,634,Borabue
913,1654041600000,8624,270,Tessaoua
914,1654041600000,3692,330,
915,1654041600000,2202,392,Areia Branca
916,1654041600000,6377,55,
917,1654041600000,6672,489,Cabeço
918,1654041600000,3453,218,Guinsadan
919,1654041600000,3548,790,Prostki
920,1654041600000,1751,28,
921,1654041600000,7412,498,Del Valle
922,1654041600000,7614,121,Palu
923,1654041600000,5374,272,
924,1654041600000,1540,358,
925,1654041600000,6970,564,Juliaca
926,1654041600000,6287,579,
927,1654041600000,5883,899,La Reforma
928,1654041600000,4539,504,Srebrenik
929,1654041600000,8476,652,Best
930,1654041600000,6283,19,Speightstown
931,1654041600000,7488,590,
932,1654041600000,8387,514,Surulangun Rawas
933,1654041600000,3104,246,Youcheng
934,1654041600000,4504,955,Shangshaleng
935,1654041600000,1983,931,Nanger
936,1654041600000,7181,282,Lampa
937,1654041600000,8448,305,Kota Bharu
938,1654041600000,3047,837,Ringinagung
939,1654041600000,3424,759,Cidima
940,1654041600000,3986,666,Clarin
941,1654041600000,1594,146,Dangjiaxian
942,1654041600000,9421,493,Kinkala
943,1654041600000,5806,595,
944,1654041600000,8642,818,Rafael Perazza
945,1654041600000,2389,802,Novoanninskiy
946,1654041600000,9472,139,
947,1654041600000,1881,576,Ishëm
948,1654041600000,9747,839,Sainte-Anne-des-Plaines
949,1654041600000,7701,114,Meudon
950,1654041600000,8653,58,
951,1654041600000,2390,292,Kedungtuban
952,1654041600000,7958,883,Puteran Kidul
953,1654041600000,5253,145,
954,1654041600000,4790,191,
955,1654041600000,1641,886,
956,1654041600000,8090,815,Sanxi
957,1654041600000,9684,432,Normandin
958,1654041600000,4085,360,Rukunlima Bawah
959,1654041600000,1217,262,Kalamangog
960,1654041600000,8421,462,Batumi
961,1654041600000,2756,556,Pacaycasa
962,1654041600000,1504,960,Hanban
963,1654041600000,3124,896,Ica
964,1654041600000,9178,66,Melekeok Village
965,1654041600000,4088,827,
966,1654041600000,5239,777,Bol
967,1654041600000,3082,602,Kotido
968,1654041600000,9092,734,Ampelókipoi
969,1654041600000,8452,96,Karuri
970,1654041600000,1005,583,Yambol
971,1654041600000,7652,202,Sebadelhe
972,1654041600000,1304,913,
973,1654041600000,1615,253,Wārāh
974,1654041600000,8011,921,Ganxi
975,1654041600000,9876,460,Khasht’arrak
976,1654041600000,4658,595,Bojongbenteng
977,1654041600000,1690,178,
978,1654041600000,3279,870,Anopog
979,1654041600000,2698,756,Robonkon
980,1654041600000,8645,284,
981,1654041600000,3390,202,Morangis
982,1654041600000,9986,720,Sigaboy
983,1654041600000,7359,61,Hadapu Zhen
984,1654041600000,5587,843,Lapa
985,1654041600000,7755,880,Unquillo
986,1654041600000,9690,541,
987,1654041600000,3013,558,Sobral da Adiça
988,1654041600000,9197,288,Plewiska
989,1654041600000,6971,347,Genova
990,1654041600000,8378,766,Tsumeb
991,1654041600000,7549,832,Al Burayqah
992,1654041600000,2762,145,Ngurore
993,1654041600000,2492,963,Gaotaizi
994,1654041600000,9923,56,
995,1654041600000,1056,84,Shangani
996,1654041600000,4409,671,
997,1654041600000,4849,700,Gambaru
998,1654041600000,9646,201,Watodei
999,1654041600000,3866,568,Shuitou
1000,1654041600000,7605,213,Mammari
